{
    "$schema": "https://schema.management.azure.com/schemas/2015-01-01/Microsoft.Resources.json#",
    "contentVersion": "1.0.0.0",
    "parameters": {
        "projectSettings": {
            "type": "object"
        },
        "applicationSource": {
            "type": "object"
        },
        "applicationTarget": {
            "type": "object"
        },
        "authorizationDetails": {
            "type": "secureObject"
        }
    },
    "variables": {},
    "resources": [
        {
            "name": "[parameters('projectSettings').accountName]",
            "type": "microsoft.visualstudio/account",
            "location": "[parameters('projectSettings').accountLocation]",
            "apiVersion": "2014-02-26",
            "properties": {
                "operationType": "[parameters('projectSettings').accountOperationType]",
                "accountName": "[parameters('projectSettings').accountName]",
                "ownerUpn": "[parameters('projectSettings').ownerUpn]"
            },
            "resources": [
                {
                    "name": "[parameters('projectSettings').projectName]",
                    "type": "project",
                    "location": "[parameters('projectSettings').accountLocation]",
                    "apiVersion": "2014-02-26",
                    "dependsOn": [
                        "[concat('microsoft.visualstudio/account/', parameters('projectSettings').accountName)]"
                    ],
                    "properties": {
                        "ProcessTemplateId": "[parameters('projectSettings').processTemplateId]",
                        "VersionControlOption": "[parameters('projectSettings').versionControlOption]",
                        "ownerUpn": "[parameters('projectSettings').ownerUpn]",
                        "BootstrapPipelineTemplate": {
                            "applicationSource": "[parameters('applicationSource')]",
                            "applicationTarget": "[parameters('applicationTarget')]",
                            "authorizationDetails": "[parameters('authorizationDetails')]"
                        }
                    }
                }
            ]
        }
    ]
}