[
    {
        "_class": "com.musicalbum.music.domain.Album",
        "artist": "Nirvana",
        "title": "Nevermind",
        "releaseYear": "1991",
        "genre": "Rock"
    },
    {
        "_class": "com.musicalbum.music.domain.Album",
        "artist": "The Beach Boys",
        "title": "Pet Sounds",
        "releaseYear": "1966",
        "genre": "Rock"
    },
    {
        "_class": "com.musicalbum.music.domain.Album",
        "artist": "Marvin Gaye",
        "title": "What's Going On",
        "releaseYear": "1971",
        "genre": "Rock"
    },
    {
        "_class": "com.musicalbum.music.domain.Album",
        "artist": "Jimi Hendrix Experience",
        "title": "Are You Experienced?",
        "releaseYear": "1967",
        "genre": "Rock"
    },
    {
        "_class": "com.musicalbum.music.domain.Album",
        "artist": "U2",
        "title": "The Joshua Tree",
        "releaseYear": "1987",
        "genre": "Rock"
    },
    {
        "_class": "com.musicalbum.music.domain.Album",
        "artist": "The Beatles",
        "title": "Abbey Road",
        "releaseYear": "1969",
        "genre": "Rock"
    },
    {
        "_class": "com.musicalbum.music.domain.Album",
        "artist": "Fleetwood Mac",
        "title": "Rumours",
        "releaseYear": "1977",
        "genre": "Rock"
    },
    {
        "_class": "com.musicalbum.music.domain.Album",
        "artist": "Elvis Presley",
        "title": "Sun Sessions",
        "releaseYear": "1976",
        "genre": "Rock"
    },
    {
        "_class": "com.musicalbum.music.domain.Album",
        "artist": "Michael Jackson",
        "title": "Thriller",
        "releaseYear": "1982",
        "genre": "Pop"
    },
    {
        "_class": "com.musicalbum.music.domain.Album",
        "artist": "The Rolling Stones",
        "title": "Exile on Main Street",
        "releaseYear": "1972",
        "genre": "Rock"
    },
    {
        "_class": "com.musicalbum.music.domain.Album",
        "artist": "Bruce Springsteen",
        "title": "Born to Run",
        "releaseYear": "1975",
        "genre": "Rock"
    },
    {
        "_class": "com.musicalbum.music.domain.Album",
        "artist": "The Clash",
        "title": "London Calling",
        "releaseYear": "1980",
        "genre": "Rock"
    },
    {
        "_class": "com.musicalbum.music.domain.Album",
        "artist": "The Eagles",
        "title": "Hotel California",
        "releaseYear": "1976",
        "genre": "Rock"
    },
    {
        "_class": "com.musicalbum.music.domain.Album",
        "artist": "Led Zeppelin",
        "title": "Led Zeppelin",
        "releaseYear": "1969",
        "genre": "Rock"
    },
    {
        "_class": "com.musicalbum.music.domain.Album",
        "artist": "Led Zeppelin",
        "title": "IV",
        "releaseYear": "1971",
        "genre": "Rock"
    },
    {
        "_class": "com.musicalbum.music.domain.Album",
        "artist": "Police",
        "title": "Synchronicity",
        "releaseYear": "1983",
        "genre": "Rock"
    },
    {
        "_class": "com.musicalbum.music.domain.Album",
        "artist": "U2",
        "title": "Achtung Baby",
        "releaseYear": "1991",
        "genre": "Rock"
    },
    {
        "_class": "com.musicalbum.music.domain.Album",
        "artist": "The Rolling Stones",
        "title": "Let it Bleed",
        "releaseYear": "1969",
        "genre": "Rock"
    },
    {
        "_class": "com.musicalbum.music.domain.Album",
        "artist": "The Beatles",
        "title": "Rubber Soul",
        "releaseYear": "1965",
        "genre": "Rock"
    },
    {
        "_class": "com.musicalbum.music.domain.Album",
        "artist": "The Ramones",
        "title": "The Ramones",
        "releaseYear": "1976",
        "genre": "Rock"
    },
    {
        "_class": "com.musicalbum.music.domain.Album",
        "artist": "Queen",
        "title": "A Night At The Opera",
        "releaseYear": "1975",
        "genre": "Rock"
    },
    {
        "_class": "com.musicalbum.music.domain.Album",
        "artist": "Boston",
        "title": "Don't Look Back",
        "releaseYear": "1978",
        "genre": "Rock"
    },
    {
        "_class": "com.musicalbum.music.domain.Album",
        "artist": "BB King",
        "title": "Singin' The Blues",
        "releaseYear": "1956",
        "genre": "Blues"
    },
    {
        "_class": "com.musicalbum.music.domain.Album",
        "artist": "Albert King",
        "title": "Born Under A Bad Sign",
        "releaseYear": "1967",
        "genre": "Blues"
    },
    {
        "_class": "com.musicalbum.music.domain.Album",
        "artist": "Muddy Waters",
        "title": "Folk Singer",
        "releaseYear": "1964",
        "genre": "Blues"
    },
    {
        "_class": "com.musicalbum.music.domain.Album",
        "artist": "The Fabulous Thunderbirds",
        "title": "Rock With Me",
        "releaseYear": "1979",
        "genre": "Blues"
    },
    {
        "_class": "com.musicalbum.music.domain.Album",
        "artist": "Robert Johnson",
        "title": "King of the Delta Blues",
        "releaseYear": "1961",
        "genre": "Blues"
    },
    {
        "_class": "com.musicalbum.music.domain.Album",
        "artist": "Stevie Ray Vaughan",
        "title": "Texas Flood",
        "releaseYear": "1983",
        "genre": "Blues"
    },
    {
        "_class": "com.musicalbum.music.domain.Album",
        "artist": "Stevie Ray Vaughan",
        "title": "Couldn't Stand The Weather",
        "releaseYear": "1984",
        "genre": "Blues"
    }
]