﻿<?xml version="1.0" encoding="utf-8"?>
<ApplicationManifest xmlns:xsd="http://www.w3.org/2001/XMLSchema" xmlns:xsi="http://www.w3.org/2001/XMLSchema-instance" ApplicationTypeName="VotingType" ApplicationTypeVersion="1.0.0" xmlns="http://schemas.microsoft.com/2011/01/fabric">
  <Parameters>
    <Parameter Name="VotingData_MinReplicaSetSize" DefaultValue="3" />
    <Parameter Name="VotingData_PartitionCount" DefaultValue="1" />
    <Parameter Name="VotingData_TargetReplicaSetSize" DefaultValue="3" />
    <Parameter Name="VotingWeb_InstanceCount" DefaultValue="-1" />
    <Parameter Name="ApplicationInsights_InstrumentationKey" DefaultValue="" />
  </Parameters>
  <!-- Import the ServiceManifest from the ServicePackage. The ServiceManifestName and ServiceManifestVersion
       should match the Name and Version attributes of the ServiceManifest element defined in the
       ServiceManifest.xml file. -->
  <ServiceManifestImport>
    <ServiceManifestRef ServiceManifestName="VotingDataPkg" ServiceManifestVersion="1.0.0" />
    <ConfigOverrides />
    <EnvironmentOverrides CodePackageRef="Code">
      <EnvironmentVariable Name="APPINSIGHTS_INSTRUMENTATIONKEY" Value="[ApplicationInsights_InstrumentationKey]" />
    </EnvironmentOverrides>
  </ServiceManifestImport>
  <ServiceManifestImport>
    <ServiceManifestRef ServiceManifestName="VotingWebPkg" ServiceManifestVersion="1.0.0" />
    <ConfigOverrides />
    <EnvironmentOverrides CodePackageRef="Code">
      <EnvironmentVariable Name="APPINSIGHTS_INSTRUMENTATIONKEY" Value="[ApplicationInsights_InstrumentationKey]" />
    </EnvironmentOverrides>
  </ServiceManifestImport>
  <DefaultServices>
    <!-- The section below creates instances of service types, when an instance of this
         application type is created. You can also create one or more instances of service type using the
         ServiceFabric PowerShell module.

         The attribute ServiceTypeName below must match the name defined in the imported ServiceManifest.xml file. -->
    <Service Name="VotingData">
      <StatefulService ServiceTypeName="VotingDataType" TargetReplicaSetSize="[VotingData_TargetReplicaSetSize]" MinReplicaSetSize="[VotingData_MinReplicaSetSize]">
        <UniformInt64Partition PartitionCount="[VotingData_PartitionCount]" LowKey="0" HighKey="25" />
      </StatefulService>
    </Service>
    <Service Name="VotingWeb" ServicePackageActivationMode="ExclusiveProcess">
      <StatelessService ServiceTypeName="VotingWebType" InstanceCount="[VotingWeb_InstanceCount]">
        <SingletonPartition />
      </StatelessService>
    </Service>
  </DefaultServices>
</ApplicationManifest>