{
    "$schema": "https://schema.management.azure.com/schemas/2015-01-01/deploymentTemplate.json#",
    "contentVersion": "1.0.0.0",
    "parameters": {
        "functionAppName": {
            "type": "string",
            "metadata": {
            "description": "The name of the function app that you wish to create."
            }
        },
        "sku": {
            "type": "string",
            "defaultValue": "Dynamic Y1",
            "allowedValues": [
                "Dynamic Y1",
                "Standard S1"
            ]
        },
        "storageAccountName": {
            "type": "string"          
        },  
        "hostingPlanName": {
            "type": "string"
        }
    },
    "resources": [
        {
            "type": "Microsoft.Storage/storageAccounts",
            "sku": {
                "name": "Standard_LRS",
                "tier": "Standard"
            },
            "kind": "Storage",
            "name": "[parameters('storageAccountName')]",
            "apiVersion": "2018-07-01",
            "location": "[resourceGroup().location]",
            "tags": {},
            "scale": null,
            "properties": {
                "networkAcls": {
                    "bypass": "AzureServices",
                    "virtualNetworkRules": [],
                    "ipRules": [],
                    "defaultAction": "Allow"
                },
                "supportsHttpsTrafficOnly": false,
                "encryption": {
                    "services": {
                        "file": {
                            "enabled": true
                        },
                        "blob": {
                            "enabled": true
                        }
                    },
                    "keySource": "Microsoft.Storage"
                }
            },
            "dependsOn": []
        },
      {
        "type": "Microsoft.Web/serverfarms",
        "sku": {
            "Tier": "[first(split(parameters('sku'), ' '))]",
            "Name": "[first(skip(split(parameters('sku'), ' '), 1))]"
        },
        "apiVersion": "2015-08-01",
        "name": "[parameters('hostingPlanName')]",
        "location": "[resourceGroup().location]",
        "properties": {
          "name": "[parameters('hostingPlanName')]"
        }
      },
      {
        "type": "Microsoft.Web/sites",
        "name": "[parameters('functionAppName')]",
        "kind": "functionapp",
        "apiVersion": "2016-08-01",
        "location": "[resourceGroup().location]",
        "tags": {
            "[concat('hidden-related:', '/subscriptions/', subscription().subscriptionId,'/resourcegroups/', resourceGroup().name, '/providers/Microsoft.Web/serverfarms/', parameters('hostingPlanName'))]": "empty"
        },
        "resources": [
            {
                "type": "siteextensions",
                "name": "Microsoft.ApplicationInsights.AzureWebSites",
                "apiVersion": "2015-08-01",
                "dependsOn": [
                    "[resourceId('Microsoft.Web/Sites', parameters('functionAppName'))]"
                ],
                "properties": {
                }
            }
        ],
        "properties": {
            "siteConfig": {
                "alwaysOn": "[not(equals(parameters('sku'), 'Dynamic Y1'))]",
                "appSettings": [
                    {
                        "name": "APPINSIGHTS_INSTRUMENTATIONKEY",
                        "value": "[reference(resourceId('microsoft.insights/components/', parameters('functionAppName')), '2015-05-01').InstrumentationKey]"
                    },
                    {
                        "name": "WEBSITE_NODE_DEFAULT_VERSION",
                        "value": "6.9.1"
                    },
                    {
                        "name": "FUNCTIONS_EXTENSION_VERSION",
                        "value": "~1"
                    }
                ],
                "phpVersion": "7.1"
            },
            "name": "[parameters('functionAppName')]",
            "serverFarmId": "[concat('/subscriptions/', subscription().subscriptionId,'/resourcegroups/', resourceGroup().name, '/providers/Microsoft.Web/serverfarms/', parameters('hostingPlanName'))]",
            "hostingEnvironment": ""
        },
        "dependsOn": [
            "[concat('Microsoft.Web/serverfarms/', parameters('hostingPlanName'))]",
            "[resourceId('microsoft.insights/components/', parameters('functionAppName'))]"
        ]
    },
      {
        "apiVersion": "2018-05-01-preview",
        "name": "[parameters('functionAppName')]",
        "type": "microsoft.insights/components",
        "location": "[resourceGroup().location]",
        "tags": {
          "[concat('hidden-link:', resourceGroup().id, '/providers/Microsoft.Web/sites/', parameters('functionAppName'))]": "Resource"
        },
        "properties": {
          "ApplicationId": "[parameters('functionAppName')]",
          "Request_Source": "IbizaWebAppExtensionCreate"
        }
      }
    ]
  }