{
    "$schema": "https://schema.management.azure.com/schemas/2015-01-01/deploymentParameters.json#",
    "contentVersion": "1.0.0.0",
    "parameters": {
        "sites_devopswebappsample_name": {
            "value": "devopswebappsample"
        },
        "config_web_name": {
            "value": "web"
        },
        "serverfarms_devopswebappsample_appservice_name": {
            "value": "devopswebappsample-appservice"
        },
        "hostNameBindings_devopswebappsample.azurewebsites.net_name": {
            "value": "devopswebappsample.azurewebsites.net"
        }
    }
}